Date,State,Civilian noninstitutional population,Total,Percent of Population,Employed Total,Employed Percent of Population,Unemployed Total,Unemployed Percent of Labor Force
1/1/20,Alabama,3876526,2240277,57.8,2180872,56.3,59405,2.7
1/1/20,Alaska,546109,353349,64.7,335692,61.5,17657,5
1/1/20,Arizona,5802213,3581294,61.7,3409624,58.8,171670,4.8
1/1/20,Arkansas,2353674,1372291,58.3,1322159,56.2,50132,3.7
1/1/20,California,39118595,24630044,63.0,23556224,60.2,1073820,4.4
1/1/20,Colorado,4584112,3154544,68.8,3070164,67,84380,2.7
1/1/20,Connecticut,2885953,1921041,66.6,1850746,64.1,70295,3.7
1/1/20,Delaware,786721,493327,62.7,472306,60,21021,4.3
1/1/20,District of Columbia,582696,420360,72.1,399827,68.6,20533,4.9
1/1/20,Florida,17555962,10458937,59.6,10116910,57.6,342027,3.3
1/1/20,Georgia,8260627,5198431,62.9,5024604,60.8,173827,3.3
1/1/20,Hawaii,1089395,673017,61.8,659237,60.5,13780,2
1/1/20,Idaho,1390161,889944,64,867117,62.4,22827,2.6
1/1/20,Illinois,9983613,6370035,63.8,6149010,61.6,221025,3.5
1/1/20,Indiana,5262529,3372996,64.1,3266538,62.1,106458,3.2
1/1/20,Iowa,2477479,1734173,70,1684860,68,49313,2.8
1/1/20,Kansas,2232550,1500177,67.2,1453029,65.1,47148,3.1
1/1/20,Kentucky,3504469,2081086,59.4,1995321,56.9,85765,4.1
1/1/20,Louisiana,3584646,2150907,60,2041637,57,109270,5.1
1/1/20,Maine,1115592,699646,62.7,678873,60.9,20773,3
1/1/20,Maryland,4773748,3298221,69.1,3187160,66.8,111061,3.4
1/1/20,Massachusetts,5647161,3763790,66.6,3657139,64.8,106651,2.8
1/1/20,Michigan,7998157,4936707,61.7,4753182,59.4,183525,3.7
1/1/20,Minnesota,4440365,3116174,70.2,3017331,68,98843,3.2
1/1/20,Mississippi,2288349,1284171,56.1,1211954,53,72217,5.6
1/1/20,Missouri,4828271,3099592,64.2,2989051,61.9,110541,3.6
1/1/20,Montana,857398,542553,63.3,522727,61,19826,3.7
1/1/20,Nebraska,1484013,1044199,70.4,1013444,68.3,30755,2.9
1/1/20,Nevada,2460603,1597920,64.9,1539287,62.6,58633,3.7
1/1/20,New Hampshire,1127119,773561,68.6,753657,66.9,19904,2.6
1/1/20,New Jersey,7080875,4580764,64.7,4413361,62.3,167403,3.7
1/1/20,New Mexico,1648883,965005,58.5,915559,55.5,49446,5.1
1/1/20,New York,22335479,13589912,60.8,13081901,58.6,508011,3.7
1/1/20,North Carolina,8316381,5108053,61.4,4928448,59.3,179605,3.5
1/1/20,North Dakota,584888,407647,69.7,398499,68.1,9148,2.2
1/1/20,Ohio,9256594,5895125,63.7,5627571,60.8,267554,4.5
1/1/20,Oklahoma,3044378,1850300,60.8,1793406,58.9,56894,3.1
1/1/20,Oregon,3428283,2108977,61.5,2037231,59.4,71746,3.4
1/1/20,Pennsylvania,10283103,6532104,63.5,6216949,60.5,315155,4.8
1/1/20,Rhode Island,864092,562012,65,540769,62.6,21243,3.8
1/1/20,South Carolina,4104607,2366322,57.7,2304184,56.1,62138,2.6
1/1/20,South Dakota,677767,463997,68.5,450535,66.5,13462,2.9
1/1/20,Tennessee,5413972,3338446,61.7,3214183,59.4,124263,3.7
1/1/20,Texas,22136086,14178765,64.1,13673709,61.8,505056,3.6
1/1/20,Utah,2377669,1630818,68.6,1590908,66.9,39910,2.4
1/1/20,Vermont,518807,343628,66.2,335164,64.6,8464,2.5
1/1/20,Virginia,6711014,4453855,66.4,4343866,64.7,109989,2.5
1/1/20,Washington,6067267,3957004,65.2,3799953,62.6,157051,4
1/1/20,West Virginia,1447094,805300,55.6,764995,52.9,40305,5
1/1/20,Wisconsin,4647953,3084954,66.4,2982788,64.2,102166,3.3
1/1/20,Wyoming,453129,298600,65.9,285320,63,13280,4.4
2/1/20,Alabama,3877055,2236491,57.7,2177852,56.2,58639,2.6
2/1/20,Alaska,545922,352940,64.7,335023,61.4,17917,5.1
2/1/20,Arizona,5812433,3584045,61.7,3407756,58.6,176289,4.9
2/1/20,Arkansas,2354279,1371944,58.3,1319917,56.1,52027,3.8
2/1/20,California,39115154,24630911,63.0,23527468,60.1,1103443,4.5
2/1/20,Colorado,4588565,3153582,68.7,3065913,66.8,87669,2.8
2/1/20,Connecticut,2885386,1917993,66.5,1846218,64,71775,3.7
2/1/20,Delaware,787402,494035,62.7,471865,59.9,22170,4.5
2/1/20,District of Columbia,582864,420448,72.1,399437,68.5,21011,5
2/1/20,Florida,17571923,10461404,59.5,10111574,57.5,349830,3.3
2/1/20,Georgia,8266924,5201435,62.9,5021666,60.7,179769,3.5
2/1/20,Hawaii,1088920,671901,61.7,658112,60.4,13789,2.1
2/1/20,Idaho,1392964,890044,63.9,866502,62.2,23542,2.6
2/1/20,Illinois,9978724,6355061,63.7,6128641,61.4,226420,3.6
2/1/20,Indiana,5263980,3359160,63.8,3250571,61.8,108589,3.2
2/1/20,Iowa,2477569,1727949,69.7,1678066,67.7,49883,2.9
2/1/20,Kansas,2232676,1498044,67.1,1450486,65,47558,3.2
2/1/20,Kentucky,3504588,2077898,59.3,1991434,56.8,86464,4.2
2/1/20,Louisiana,3583665,2151507,60,2039411,56.9,112096,5.2
2/1/20,Maine,1115854,699067,62.6,677448,60.7,21619,3.1
2/1/20,Maryland,4773523,3298443,69.1,3184239,66.7,114204,3.5
2/1/20,Massachusetts,5647178,3747222,66.4,3642616,64.5,104606,2.8
2/1/20,Michigan,7996913,4927949,61.6,4743379,59.3,184570,3.7
2/1/20,Minnesota,4441480,3117081,70.2,3013513,67.8,103568,3.3
2/1/20,Mississippi,2287820,1283304,56.1,1209022,52.8,74282,5.8
2/1/20,Missouri,4828978,3097559,64.1,2984967,61.8,112592,3.6
2/1/20,Montana,858070,542368,63.2,522142,60.9,20226,3.7
2/1/20,Nebraska,1484359,1043340,70.3,1012002,68.2,31338,3
2/1/20,Nevada,2464244,1599451,64.9,1539656,62.5,59795,3.7
2/1/20,New Hampshire,1127540,770973,68.4,750806,66.6,20167,2.6
2/1/20,New Jersey,7080077,4578805,64.7,4408621,62.3,170184,3.7
2/1/20,New Mexico,1649631,964169,58.4,913313,55.4,50856,5.3
2/1/20,New York,22320524,13573002,60.8,13053458,58.5,519544,3.8
2/1/20,North Carolina,8323641,5105135,61.3,4921641,59.1,183494,3.6
2/1/20,North Dakota,584891,406788,69.5,397520,68,9268,2.3
2/1/20,Ohio,9255817,5899009,63.7,5619606,60.7,279403,4.7
2/1/20,Oklahoma,3045622,1847072,60.6,1788930,58.7,58142,3.1
2/1/20,Oregon,3430274,2107699,61.4,2033344,59.3,74355,3.5
2/1/20,Pennsylvania,10281185,6528498,63.5,6204448,60.3,324050,5
2/1/20,Rhode Island,864034,561974,65,539776,62.5,22198,4
2/1/20,South Carolina,4108954,2365321,57.6,2299341,56,65980,2.8
2/1/20,South Dakota,678100,463243,68.3,449740,66.3,13503,2.9
2/1/20,Tennessee,5417729,3333471,61.5,3203564,59.1,129907,3.9
2/1/20,Texas,22163701,14182317,64,13662942,61.6,519375,3.7
2/1/20,Utah,2381430,1631216,68.5,1590455,66.8,40761,2.5
2/1/20,Vermont,518755,342887,66.1,334270,64.4,8617,2.5
2/1/20,Virginia,6713131,4448623,66.3,4337089,64.6,111534,2.5
2/1/20,Washington,6072840,3961975,65.2,3799304,62.6,162671,4.1
2/1/20,West Virginia,1446237,805704,55.7,764274,52.8,41430,5.1
2/1/20,Wisconsin,4648731,3075655,66.2,2974233,64,101422,3.3
2/1/20,Wyoming,453321,298818,65.9,284507,62.8,14311,4.8
3/1/20,Alabama,3878006,2234170,57.6,2176275,56.1,57895,2.6
3/1/20,Alaska,545866,352404,64.6,334331,61.2,18073,5.1
3/1/20,Arizona,5823018,3587701,61.6,3406748,58.5,180953,5
3/1/20,Arkansas,2355118,1372102,58.3,1318251,56,53851,3.9
3/1/20,California,39112856,24107467,61.6,22977923,58.7,1129544,4.7
3/1/20,Colorado,4593310,3099232,67.5,2953112,64.3,146120,4.7
3/1/20,Connecticut,2885051,1915644,66.4,1842200,63.9,73444,3.8
3/1/20,Delaware,788163,481344,61.1,458200,58.1,23144,4.8
3/1/20,District of Columbia,583080,420581,72.1,398895,68.4,21686,5.2
3/1/20,Florida,17589075,10629624,60.4,10106833,57.5,522791,4.9
3/1/20,Georgia,8273938,5205472,62.9,5018477,60.7,186995,3.6
3/1/20,Hawaii,1088470,671079,61.7,657086,60.4,13993,2.1
3/1/20,Idaho,1395898,890190,63.8,865860,62,24330,2.7
3/1/20,Illinois,9974673,6345433,63.6,6109809,61.3,235624,3.7
3/1/20,Indiana,5265950,3346411,63.5,3235038,61.4,111373,3.3
3/1/20,Iowa,2477947,1721723,69.5,1671622,67.5,50101,2.9
3/1/20,Kansas,2233058,1495882,67,1448406,64.9,47476,3.2
3/1/20,Kentucky,3505113,2075112,59.2,1988308,56.7,86804,4.2
3/1/20,Louisiana,3583040,2150787,60,2036022,56.8,114765,5.3
3/1/20,Maine,1116239,697728,62.5,676175,60.6,21553,3.1
3/1/20,Maryland,4773662,3298663,69.1,3181957,66.7,116706,3.5
3/1/20,Massachusetts,5647723,3728887,66,3627179,64.2,101708,2.7
3/1/20,Michigan,7996478,4917789,61.5,4734860,59.2,182929,3.7
3/1/20,Minnesota,4443088,3118380,70.2,3008879,67.7,109501,3.5
3/1/20,Mississippi,2287475,1283188,56.1,1206406,52.7,76782,6
3/1/20,Missouri,4830226,3096593,64.1,2982405,61.7,114188,3.7
3/1/20,Montana,858828,542146,63.1,521657,60.7,20489,3.8
3/1/20,Nebraska,1484852,1043236,70.3,1011133,68.1,32103,3.1
3/1/20,Nevada,2467941,1587900,64.3,1485811,60.2,102089,6.4
3/1/20,New Hampshire,1128113,768900,68.2,748302,66.3,20598,2.7
3/1/20,New Jersey,7079785,4576233,64.6,4404152,62.2,172081,3.8
3/1/20,New Mexico,1650449,963348,58.4,911218,55.2,52130,5.4
3/1/20,New York,22306931,13557454,60.8,13027588,58.4,529866,2.4
3/1/20,North Carolina,8331625,4901843,58.8,4713081,56.6,188762,3.9
3/1/20,North Dakota,584972,406525,69.5,397057,67.9,9468,2.3
3/1/20,Ohio,9256097,5836682,63.1,5549718,60,286964,4.9
3/1/20,Oklahoma,3047166,1844387,60.5,1784671,58.6,59716,3.2
3/1/20,Oregon,3432553,2106741,61.4,2030098,59.1,76643,3.6
3/1/20,Pennsylvania,10280347,6525913,63.5,6194061,60.3,331852,5.1
3/1/20,Rhode Island,864023,562287,65.1,539591,62.5,22696,4
3/1/20,South Carolina,4113703,2367167,57.5,2297323,55.8,69844,3
3/1/20,South Dakota,678515,462755,68.2,449245,66.2,13510,2.9
3/1/20,Tennessee,5422052,3328051,61.4,3193850,58.9,134201,4
3/1/20,Texas,22192219,13986789,63,13306781,60,680008,4.9
3/1/20,Utah,2385460,1631706,68.4,1590309,66.7,41397,2.5
3/1/20,Vermont,518754,342487,66,333471,64.3,9016,2.6
3/1/20,Virginia,6715837,4447482,66.2,4333184,64.5,114298,2.6
3/1/20,Washington,6078919,3932003,64.7,3724793,61.3,207210,5.3
3/1/20,West Virginia,1445593,805737,55.7,763051,52.8,42686,5.3
3/1/20,Wisconsin,4649987,3065273,65.9,2966524,63.8,98749,3.2
3/1/20,Wyoming,453558,299040,65.9,283757,62.6,15283,5.1
4/1/20,Alabama,3879108,2187272,56.4,1899019,49,288253,13.2
4/1/20,Alaska,545788,345671,63.3,304991,55.9,40680,11.8
4/1/20,Arizona,5834004,3545107,60.8,3040409,52.1,504698,14.2
4/1/20,Arkansas,2356097,1371571,58.2,1234204,52.4,137367,10
4/1/20,California,39113151,23380010,59.8,19536074,49.9,3843936,16.4
4/1/20,Colorado,4598343,2983132,64.9,2621363,57,361769,12.1
4/1/20,Connecticut,2884884,1826611,63.3,1669743,57.9,156868,8.6
4/1/20,Delaware,788966,474498,60.1,411017,52.1,63481,13.4
4/1/20,District of Columbia,583364,406769,69.7,361647,62,45122,11.1
4/1/20,Florida,17607252,9765316,55.5,8400513,47.7,1364803,14
4/1/20,Georgia,8281411,4985895,60.2,4365055,52.7,620840,12.5
4/1/20,Hawaii,1088090,637563,58.6,497928,45.8,139635,21.9
4/1/20,Idaho,1398886,876528,62.7,775219,55.4,101309,11.6
4/1/20,Illinois,9971141,6026243,60.4,5029765,50.4,996478,16.5
4/1/20,Indiana,5268170,3225032,61.2,2680097,50.9,544935,16.9
4/1/20,Iowa,2478425,1712557,69.1,1522362,61.4,190195,11.1
4/1/20,Kansas,2233522,1485985,66.5,1298910,58.2,187075,12.6
4/1/20,Kentucky,3505783,2087483,59.5,1734915,49.5,352568,16.9
4/1/20,Louisiana,3582557,2041667,57,1773471,49.5,268196,13.1
4/1/20,Maine,1116663,654335,58.6,594673,53.3,59662,9.1
4/1/20,Maryland,4774055,3131058,65.6,2848836,59.7,282222,9
4/1/20,Massachusetts,5648468,3409863,60.4,2851481,50.5,558382,16.4
4/1/20,Michigan,7996378,4586421,57.4,3502065,43.8,1084356,23.6
4/1/20,Minnesota,4444837,3012976,67.8,2740570,61.7,272406,9
4/1/20,Mississippi,2287269,1218052,53.3,1027052,44.9,191000,15.7
4/1/20,Missouri,4831693,2980434,61.7,2606915,54,373519,12.5
4/1/20,Montana,859622,543608,63.2,479153,55.7,64455,11.9
4/1/20,Nebraska,1485441,1051562,70.8,973730,65.6,77832,7.4
4/1/20,Nevada,2471833,1497652,60.6,1055435,42.7,442217,29.5
4/1/20,New Hampshire,1128732,735030,65.1,617342,54.7,117688,16
4/1/20,New Jersey,7079846,4477672,63.2,3735350,52.8,742322,16.6
4/1/20,New Mexico,1651363,908572,55,817889,49.5,90683,10
4/1/20,New York,22294547,12576990,56.4,10564498,47.4,2012492,16.0
4/1/20,North Carolina,8340016,4689755,56.2,4054932,48.6,634823,13.5
4/1/20,North Dakota,585064,410490,70.2,374910,64.1,35580,8.7
4/1/20,Ohio,9256776,5539776,59.8,4630914,50,908862,16.4
4/1/20,Oklahoma,3048864,1821680,59.7,1585139,52,236541,13
4/1/20,Oregon,3434992,2049533,59.7,1778695,51.8,270838,13.2
4/1/20,Pennsylvania,10279924,6313806,61.4,5290771,51.5,1023035,16.2
4/1/20,Rhode Island,864065,545692,63.2,450988,52.2,94704,17.4
4/1/20,South Carolina,4118644,2357025,57.2,2086262,50.7,270763,11.5
4/1/20,South Dakota,678940,468726,69,425502,62.7,43224,9.2
4/1/20,Tennessee,5426617,3183054,58.7,2679469,49.4,503585,15.8
4/1/20,Texas,22222320,13368039,60.2,11640170,52.4,1727869,12.9
4/1/20,Utah,2389585,1624093,68,1460079,61.1,164014,10.1
4/1/20,Vermont,518778,353857,68.2,301638,58.1,52219,14.8
4/1/20,Virginia,6718918,4391242,65.4,3895532,58,495710,11.3
4/1/20,Washington,6085331,3988363,65.5,3336286,54.8,652077,16.3
4/1/20,West Virginia,1444969,768185,53.2,648712,44.9,119473,15.6
4/1/20,Wisconsin,4651479,3061130,65.8,2607992,56.1,453138,14.8
4/1/20,Wyoming,453794,290960,64.1,274922,60.6,16038,5.5
5/1/20,Alabama,3879383,2218789,57.2,2044109,52.7,174680,7.9
5/1/20,Alaska,545650,345359,63.3,305247,55.9,40112,11.6
5/1/20,Arizona,5843415,3619124,61.9,3236482,55.4,382642,10.6
5/1/20,Arkansas,2356584,1352008,57.4,1237273,52.5,114735,8.5
5/1/20,California,39101464,23066591,59.0,19325658,49.4,3740933,9.6
5/1/20,Colorado,4602402,3105848,67.5,2744873,59.6,360975,11.6
5/1/20,Connecticut,2883940,1886540,65.4,1671130,57.9,215410,11.4
5/1/20,Delaware,789583,475201,60.2,412227,52.2,62974,13.3
5/1/20,District of Columbia,583402,397922,68.2,362414,62.1,35508,8.9
5/1/20,Florida,17620672,9949585,56.5,8533164,48.4,1416421,14.2
5/1/20,Georgia,8286668,5030665,60.7,4558036,55,472629,9.4
5/1/20,Hawaii,1087260,638894,58.8,498685,45.9,140209,21.9
5/1/20,Idaho,1401631,882245,62.9,808995,57.7,73250,8.3
5/1/20,Illinois,9965041,6158659,61.8,5211779,52.3,946880,15.4
5/1/20,Indiana,5269325,3264747,62,2874299,54.5,390448,12
5/1/20,Iowa,2478455,1660842,67,1523062,61.5,137780,8.3
5/1/20,Kansas,2233534,1488938,66.7,1354666,60.7,134272,9
5/1/20,Kentucky,3505869,2073314,59.1,1846754,52.7,226560,10.9
5/1/20,Louisiana,3581304,2039684,57,1771746,49.5,267938,13.1
5/1/20,Maine,1116950,681019,61,624764,55.9,56255,8.3
5/1/20,Maryland,4773107,3135302,65.7,2854474,59.8,280828,9
5/1/20,Massachusetts,5647805,3609060,63.9,3056433,54.1,552627,15.3
5/1/20,Michigan,7994582,4695183,58.7,3718354,46.5,976829,20.8
5/1/20,Minnesota,4445755,3087954,69.5,2739692,61.6,348262,11.3
5/1/20,Mississippi,2286517,1227107,53.7,1091934,47.8,135173,11
5/1/20,Missouri,4832218,2891970,59.8,2613065,54.1,278905,9.6
5/1/20,Montana,860294,528223,61.4,480130,55.8,48093,9.1
5/1/20,Nebraska,1485719,1031661,69.4,975917,65.7,55744,5.4
5/1/20,Nevada,2474993,1435029,58,1083335,43.8,351694,24.5
5/1/20,New Hampshire,1129138,766838,67.9,664208,58.8,102630,13.4
5/1/20,New Jersey,7077838,4479720,63.3,3741555,52.9,738165,16.5
5/1/20,New Mexico,1651832,909383,55.1,818702,49.6,90681,10
5/1/20,New York,22277046,12607482,56.6,10466769,47.0,2140713,17.0
5/1/20,North Carolina,8346437,4799209,57.5,4151695,49.7,647514,13.5
5/1/20,North Dakota,585062,412262,70.5,376538,64.4,35724,8.7
5/1/20,Ohio,9255576,5831829,63,4965227,53.6,866602,14.9
5/1/20,Oklahoma,3049957,1831486,60,1657368,54.3,174118,9.5
5/1/20,Oregon,3436725,2121025,61.7,1873383,54.5,247642,11.7
5/1/20,Pennsylvania,10277311,6412123,62.4,5549484,54,862639,13.5
5/1/20,Rhode Island,863889,520943,60.3,453692,52.5,67251,12.9
5/1/20,South Carolina,4122608,2365735,57.4,2092571,50.8,273164,11.5
5/1/20,South Dakota,679284,458811,67.5,426579,62.8,32232,7
5/1/20,Tennessee,5430156,3150509,58,2848150,52.5,302359,9.6
5/1/20,Texas,22245728,13567930,61,11992731,53.9,1575199,11.6
5/1/20,Utah,2393257,1583682,66.2,1463992,61.2,119690,7.6
5/1/20,Vermont,518699,332962,64.2,301923,58.2,31039,9.3
5/1/20,Virginia,6720219,4274171,63.6,3912282,58.2,361889,8.5
5/1/20,Washington,6090159,3904883,64.1,3417587,56.1,487296,12.5
5/1/20,West Virginia,1444132,780907,54.1,688146,47.7,92761,11.9
5/1/20,Wisconsin,4652037,3052908,65.6,2736271,58.8,316637,10.4
5/1/20,Wyoming,453942,300611,66.2,275096,60.6,25515,8.5
6/1/20,Alabama,3879980,2221436,57.3,2049715,52.8,171721,7.7
6/1/20,Alaska,545489,345254,63.3,306122,56.1,39132,11.3
6/1/20,Arizona,5853318,3561870,60.9,3180733,54.3,381137,10.7
6/1/20,Arkansas,2357230,1347387,57.2,1242595,52.7,104792,7.8
6/1/20,California,39092519,23695384,60.6,20170953,51.6,3524431,14.9
6/1/20,Colorado,4606805,3154711,68.5,2796909,60.7,357802,11.3
6/1/20,Connecticut,2883299,1890666,65.6,1675483,58.1,215183,11.4
6/1/20,Delaware,790266,475871,60.2,414294,52.4,61577,12.9
6/1/20,District of Columbia,583522,399915,68.5,364192,62.4,35723,8.9
6/1/20,Florida,17635636,9898486,56.1,8749388,49.6,1149098,11.6
6/1/20,Georgia,8292650,4990499,60.2,4569851,55.1,420648,8.4
6/1/20,Hawaii,1086459,639357,58.8,549249,50.6,90108,14.1
6/1/20,Idaho,1404514,884808,63,822839,58.6,61969,7
6/1/20,Illinois,9959743,6356264,63.8,5452932,54.7,903332,14.2
6/1/20,Indiana,5270927,3284240,62.3,2950944,56,333296,10.1
6/1/20,Iowa,2478689,1645540,66.4,1528543,61.7,116997,7.1
6/1/20,Kansas,2233723,1481232,66.3,1377977,61.7,103255,7
6/1/20,Kentucky,3506224,1962690,56,1851652,52.8,111038,5.7
6/1/20,Louisiana,3580287,1955017,54.6,1772157,49.5,182860,9.4
6/1/20,Maine,1117286,661977,59.2,626891,56.1,35086,5.3
6/1/20,Maryland,4772600,3235141,67.8,2957538,62,277603,8.6
6/1/20,Massachusetts,5647618,3683679,65.2,3138699,55.6,544980,14.8
6/1/20,Michigan,7993462,4917012,61.5,4221930,52.8,695082,14.1
6/1/20,Minnesota,4446981,3178494,71.5,2894566,65.1,283928,8.9
6/1/20,Mississippi,2285922,1235797,54.1,1117094,48.9,118703,9.6
6/1/20,Missouri,4833125,2994804,62,2752806,57,241998,8.1
6/1/20,Montana,861056,549295,63.8,507756,59,41539,7.6
6/1/20,Nebraska,1486137,1048401,70.5,979531,65.9,68870,6.6
6/1/20,Nevada,2478346,1504348,60.7,1272287,51.3,232061,15.4
6/1/20,New Hampshire,1129644,760961,67.4,682282,60.4,78679,10.3
6/1/20,New Jersey,7076430,4484485,63.4,3754733,53.1,729752,16.3
6/1/20,New Mexico,1652391,910846,55.1,821293,49.7,89553,9.8
6/1/20,New York,22260863,13155425,59.1,11031935,49.6,2123490,16.1
6/1/20,North Carolina,8353573,4828748,57.8,4404783,52.7,423965,8.8
6/1/20,North Dakota,585102,404206,69.1,379031,64.8,25175,6.2
6/1/20,Ohio,9255121,5680927,61.4,5093233,55,587694,10.3
6/1/20,Oklahoma,3051282,1838543,60.3,1687262,55.3,151281,8.2
6/1/20,Oregon,3438732,2133140,62,1913733,55.7,219407,10.3
6/1/20,Pennsylvania,10275510,6421698,62.5,5567918,54.2,853780,13.3
6/1/20,Rhode Island,863821,512993,59.4,457239,52.9,55754,10.9
6/1/20,South Carolina,4126972,2392922,58,2209060,53.5,183862,7.7
6/1/20,South Dakota,679670,456309,67.1,428351,63,27958,6.1
6/1/20,Tennessee,5434065,3156214,58.1,2862152,52.7,294062,9.3
6/1/20,Texas,22271053,14068625,63.2,12638796,56.7,1429829,10.2
6/1/20,Utah,2397123,1650824,68.9,1547616,64.6,103208,6.3
6/1/20,Vermont,518679,327912,63.2,302806,58.4,25106,7.7
6/1/20,Virginia,6722117,4320856,64.3,3939193,58.6,381663,8.8
6/1/20,Washington,6095478,3877618,63.6,3457295,56.7,420323,10.8
6/1/20,West Virginia,1443440,784625,54.4,701850,48.6,82775,10.5
6/1/20,Wisconsin,4653004,3049234,65.5,2786485,59.9,262749,8.6
6/1/20,Wyoming,454118,297883,65.6,275846,60.7,22037,7.4
7/1/20,Alabama,3880648,2221858,57.3,2056348,53,165510,7.4
7/1/20,Alaska,545364,345354,63.3,307513,56.4,37841,11
7/1/20,Arizona,5863335,3610878,61.6,3233654,55.2,377224,10.4
7/1/20,Arkansas,2357952,1344406,57,1249195,53,95211,7.1
7/1/20,California,39083846,23655049,60.5,20329550,52.0,3325499,14.1
7/1/20,Colorado,4611317,3070601,66.6,2844310,61.7,226291,7.4
7/1/20,Connecticut,2882679,1895751,65.8,1681865,58.3,213886,11.3
7/1/20,Delaware,790928,489517,61.9,449079,56.8,40438,8.3
7/1/20,District of Columbia,583656,402618,69,366931,62.9,35687,8.9
7/1/20,Florida,17650810,10108143,57.3,8940935,50.7,1167208,11.5
7/1/20,Georgia,8298770,4966280,59.8,4587883,55.3,378397,7.6
7/1/20,Hawaii,1085710,641845,59.1,551240,50.8,90605,14.1
7/1/20,Idaho,1407405,887190,63,835264,59.3,51926,5.9
7/1/20,Illinois,9954618,6146834,61.7,5409563,54.3,737271,12
7/1/20,Indiana,5272639,3304366,62.7,3019818,57.3,284548,8.6
7/1/20,Iowa,2478961,1637807,66.1,1538161,62,99646,6.1
7/1/20,Kansas,2233951,1497429,67,1398770,62.6,98659,6.6
7/1/20,Kentucky,3506659,1968434,56.1,1858922,53,109512,5.6
7/1/20,Louisiana,3579383,1952856,54.6,1775157,49.6,177699,9.1
7/1/20,Maine,1117659,690375,61.8,629790,56.3,60585,8.8
7/1/20,Maryland,4772159,3151830,66,2877939,60.3,273891,8.7
7/1/20,Massachusetts,5647519,3563106,63.1,3213230,56.9,349876,9.8
7/1/20,Michigan,7992512,4835421,60.5,4399525,55,435896,9
7/1/20,Minnesota,4448291,3136773,70.5,2898989,65.2,237784,7.6
7/1/20,Mississippi,2285425,1245129,54.5,1138838,49.8,106291,8.5
7/1/20,Missouri,4834175,3101654,64.2,2891126,59.8,210528,6.8
7/1/20,Montana,861803,545747,63.3,509831,59.2,35916,6.6
7/1/20,Nebraska,1486531,1028806,69.2,983881,66.2,44925,4.4
7/1/20,Nevada,2481749,1512588,60.9,1261549,50.8,251039,16.6
7/1/20,New Hampshire,1130182,759493,67.2,697617,61.7,61876,8.1
7/1/20,New Jersey,7075110,4604631,65.1,4001090,56.6,603541,13.1
7/1/20,New Mexico,1653018,943199,57.1,825171,49.9,118028,12.5
7/1/20,New York,22245002,13262910,59.6,11165153,50.2,2097757,15.8
7/1/20,North Carolina,8360872,4932568,59,4499275,53.8,433293,8.8
7/1/20,North Dakota,585132,406941,69.5,381887,65.3,25054,6.2
7/1/20,Ohio,9254910,5735320,62,5199086,56.2,536234,9.3
7/1/20,Oklahoma,3052681,1846738,60.5,1714448,56.2,132290,7.2
7/1/20,Oregon,3440819,2037847,59.2,1842992,53.6,194855,9.6
7/1/20,Pennsylvania,10273917,6431720,62.6,5592719,54.4,839001,13
7/1/20,Rhode Island,863742,535674,62,460794,53.3,74880,14
7/1/20,South Carolina,4131387,2427275,58.8,2243805,54.3,183470,7.6
7/1/20,South Dakota,680076,454790,66.9,430451,63.3,24339,5.4
7/1/20,Tennessee,5438126,3167388,58.2,2884231,53,283157,8.9
7/1/20,Texas,22296608,14005509,62.8,12704427,57,1301082,9.3
7/1/20,Utah,2401050,1645536,68.5,1556112,64.8,89424,5.4
7/1/20,Vermont,518664,324705,62.6,304020,58.6,20685,6.4
7/1/20,Virginia,6724104,4313312,64.1,3972148,59.1,341164,7.9
7/1/20,Washington,6100875,3920431,64.3,3497219,57.3,423212,10.8
7/1/20,West Virginia,1442743,787392,54.6,713138,49.4,74254,9.4
7/1/20,Wisconsin,4654069,3049237,65.5,2829923,60.8,219314,7.2
7/1/20,Wyoming,454334,297259,65.4,277055,61,20204,6.8
8/1/20,Alabama,3882472,2218586,57.1,2061877,53.1,156709,7.1
8/1/20,Alaska,545315,332996,61.1,308923,56.7,24073,7.2
8/1/20,Arizona,5875190,3518731,59.9,3272951,55.7,245780,7
8/1/20,Arkansas,2359375,1341356,56.9,1254825,53.2,86531,6.5
8/1/20,California,39085879,23623210,60.4,20471631,52.4,3151579,13.3
8/1/20,Colorado,4616798,3105843,67.3,2884052,62.5,221791,7.1
8/1/20,Connecticut,2882475,1841890,63.9,1687722,58.6,154168,8.4
8/1/20,Delaware,791842,490233,61.9,451598,57,38635,7.9
8/1/20,District of Columbia,583802,405503,69.5,369909,63.4,35594,8.8
8/1/20,Florida,17669527,9991016,56.5,9206578,52.1,784438,7.9
8/1/20,Georgia,8306713,4951494,59.6,4606347,55.5,345147,7
8/1/20,Hawaii,1085305,643435,59.3,552752,50.9,90683,14.1
8/1/20,Idaho,1410666,889123,63,845684,59.9,43439,4.9
8/1/20,Illinois,9951889,6251739,62.8,5556088,55.8,695651,11.1
8/1/20,Indiana,5275194,3320857,63,3077335,58.3,243522,7.3
8/1/20,Iowa,2479628,1634482,65.9,1548511,62.4,85971,5.3
8/1/20,Kansas,2234666,1509706,67.6,1415790,63.4,93916,6.2
8/1/20,Kentucky,3507887,1974553,56.3,1865892,53.2,108661,5.5
8/1/20,Louisiana,3579331,2096160,58.6,1924464,53.8,171696,8.2
8/1/20,Maine,1118255,666897,59.6,632379,56.6,34518,5.2
8/1/20,Maryland,4772659,3161767,66.2,2890448,60.6,271319,8.6
8/1/20,Massachusetts,5647588,3614444,64,3277606,58,336838,9.3
8/1/20,Michigan,7993400,4841531,60.6,4428898,55.4,412633,8.5
8/1/20,Minnesota,4450313,3107608,69.8,2903291,65.2,204317,6.6
8/1/20,Mississippi,2285698,1253922,54.9,1156630,50.6,97292,7.8
8/1/20,Missouri,4836296,3089395,63.9,2904372,60.1,185023,6
8/1/20,Montana,862714,542642,62.9,511307,59.3,31335,5.8
8/1/20,Nebraska,1487267,1028809,69.2,987515,66.4,41294,4
8/1/20,Nevada,2485827,1523576,61.3,1302740,52.4,220836,14.5
8/1/20,New Hampshire,1130846,759862,67.2,709788,62.8,50074,6.6
8/1/20,New Jersey,7075217,4519468,63.9,4020511,56.8,498957,11
8/1/20,New Mexico,1654130,913887,55.2,828885,50.1,85002,9.3
8/1/20,New York,22231372,13377594,60.2,11689759,52.6,1687835,7.6
8/1/20,North Carolina,8370202,4911301,58.7,4579743,54.7,331558,6.8
8/1/20,North Dakota,585299,409122,69.9,384233,65.6,24889,6.1
8/1/20,Ohio,9256696,5803203,62.7,5280326,57,522877,9
8/1/20,Oklahoma,3054823,1853864,60.7,1736890,56.9,116974,6.3
8/1/20,Oregon,3443733,2086120,60.6,1911571,55.5,174549,8.4
8/1/20,Pennsylvania,10274843,6252470,60.9,5614075,54.6,638395,10.2
8/1/20,Rhode Island,863864,529982,61.4,463277,53.6,66705,12.6
8/1/20,South Carolina,4136994,2402563,58.1,2272014,54.9,130549,5.4
8/1/20,South Dakota,680545,453588,66.7,432183,63.5,21405,4.7
8/1/20,Tennessee,5443591,3377475,62,3104367,57,273108,8.1
8/1/20,Texas,22327142,14095792,63.1,13118386,58.8,977406,6.9
8/1/20,Utah,2405329,1642626,68.3,1564538,65,78088,4.8
8/1/20,Vermont,518754,322293,62.1,305041,58.8,17252,5.4
8/1/20,Virginia,6727072,4376496,65.1,4068442,60.5,308054,7
8/1/20,Washington,6107080,3886077,63.6,3532848,57.8,353229,9.1
8/1/20,West Virginia,1442376,789505,54.7,722126,50.1,67379,8.5
8/1/20,Wisconsin,4656094,3050916,65.5,2864676,61.5,186240,6.1
8/1/20,Wyoming,454672,296712,65.3,278278,61.2,18434,6.2
9/1/20,Alabama,3884533,2212712,57,2065378,53.2,147334,6.7
9/1/20,Alaska,545254,333247,61.1,309975,56.8,23272,7
9/1/20,Arizona,5887367,3541969,60.2,3299327,56,242642,6.9
9/1/20,Arkansas,2360906,1337649,56.7,1258219,53.3,79430,5.9
9/1/20,California,39089605,23143000,59.2,20574520,52.6,2568480,6.6
9/1/20,Colorado,4622504,3133342,67.8,2914426,63,218916,7
9/1/20,Connecticut,2882419,1844073,64,1691446,58.7,152627,8.3
9/1/20,Delaware,792821,490907,61.9,453405,57.2,37502,7.6
9/1/20,District of Columbia,584005,407913,69.8,372267,63.7,35646,8.7
9/1/20,Florida,17689159,10052895,56.8,9333690,52.8,719205,7.2
9/1/20,Georgia,8315078,4940860,59.4,4620784,55.6,320076,6.5
9/1/20,Hawaii,1084946,610118,56.2,519692,47.9,90426,14.8
9/1/20,Idaho,1414009,908599,64.3,853750,60.4,54849,6
9/1/20,Illinois,9949614,6363924,64,5703261,57.3,660663,10.4
9/1/20,Indiana,5277977,3331816,63.1,3121310,59.1,210506,6.3
9/1/20,Iowa,2480410,1632810,65.8,1556751,62.8,76059,4.7
9/1/20,Kansas,2235531,1472356,65.9,1382202,61.8,90154,6.1
9/1/20,Kentucky,3509267,1979845,56.4,1870874,53.3,108971,5.5
9/1/20,Louisiana,3579467,2095001,58.5,1927988,53.9,167013,8
9/1/20,Maine,1118905,666384,59.6,634000,56.7,32384,4.9
9/1/20,Maryland,4773360,3009144,63,2800001,58.7,209143,7
9/1/20,Massachusetts,5647956,3655222,64.7,3330763,59,324459,8.9
9/1/20,Michigan,7994613,4848757,60.7,4450747,55.7,398010,8.2
9/1/20,Minnesota,4452562,3086445,69.3,2905954,65.3,180491,5.8
9/1/20,Mississippi,2286039,1261776,55.2,1170336,51.2,91440,7.2
9/1/20,Missouri,4838656,3079960,63.7,2914028,60.2,165932,5.4
9/1/20,Montana,863704,539685,62.5,511783,59.3,27902,5.2
9/1/20,Nebraska,1488070,1028194,69.1,989626,66.5,38568,3.8
9/1/20,Nevada,2489990,1535174,61.7,1335440,53.6,199734,13
9/1/20,New Hampshire,1131541,760650,67.2,718808,63.5,41842,5.5
9/1/20,New Jersey,7075632,4376641,61.9,4035352,57,341289,7.8
9/1/20,New Mexico,1655347,960687,58,877596,53,83091,8.6
9/1/20,New York,22218465,13285666,59.8,11773834,53.0,1511832,6.8
9/1/20,North Carolina,8379941,5006976,59.7,4642694,55.4,364282,7.3
9/1/20,North Dakota,585505,404556,69.1,385591,65.9,18965,4.7
9/1/20,Ohio,9258910,5668842,61.2,5250401,56.7,418441,7.4
9/1/20,Oklahoma,3057131,1858861,60.8,1753633,57.4,105228,5.7
9/1/20,Oregon,3446867,2107097,61.1,1948079,56.5,159018,7.5
9/1/20,Pennsylvania,10276251,6317241,61.5,5867228,57.1,450013,7.1
9/1/20,Rhode Island,864018,557723,64.5,497029,57.5,60694,10.9
9/1/20,South Carolina,4142816,2422918,58.5,2292518,55.3,130400,5.4
9/1/20,South Dakota,681058,475666,69.8,456477,67,19189,4
9/1/20,Tennessee,5449301,3388990,62.2,3122079,57.3,266911,7.9
9/1/20,Texas,22358893,13978180,62.5,12872257,57.6,1105923,7.9
9/1/20,Utah,2409740,1640259,68.1,1571099,65.2,69160,4.2
9/1/20,Vermont,518848,320189,61.7,305589,58.9,14600,4.6
9/1/20,Virginia,6730369,4302424,63.9,4020210,59.7,282214,6.6
9/1/20,Washington,6113541,3870014,63.3,3560713,58.2,309301,8
9/1/20,West Virginia,1442106,791421,54.9,729098,50.6,62323,7.9
9/1/20,Wisconsin,4658297,3128082,67.2,2965386,63.7,162696,5.2
9/1/20,Wyoming,454998,296176,65.1,279179,61.4,16997,5.7
10/1/20,Alabama,3886383,2266300,58.3,2158999,55.6,107301,4.7
10/1/20,Alaska,545223,354075,64.9,331171,60.7,22904,6.5
10/1/20,Arizona,5899190,3556433,60.3,3315121,56.2,241312,6.8
10/1/20,Arkansas,2362323,1333366,56.4,1259359,53.3,74007,5.6
10/1/20,California,39091466,23863814,61.0,21396343,54.7,2467471,6.3
10/1/20,Colorado,4627942,3153491,68.1,2935611,63.4,217880,6.9
10/1/20,Connecticut,2882202,1844473,64,1692736,58.7,151737,8.2
10/1/20,Delaware,793770,481815,60.7,454271,57.2,27544,5.7
10/1/20,District of Columbia,584150,409507,70.1,373663,64,35844,8.8
10/1/20,Florida,17707888,10010524,56.5,9427112,53.2,583412,5.8
10/1/20,Georgia,8323051,5133190,61.7,4831831,58.1,301359,5.9
10/1/20,Hawaii,1084522,643115,59.3,553195,51,89920,14
10/1/20,Idaho,1417281,903294,63.7,859499,60.6,43795,4.8
10/1/20,Illinois,9946882,6326464,63.6,5813987,58.5,512477,8.1
10/1/20,Indiana,5280606,3338006,63.2,3152745,59.7,185261,5.6
10/1/20,Iowa,2481099,1630576,65.7,1561396,62.9,69180,4.2
10/1/20,Kansas,2236251,1508097,67.4,1437158,64.3,70939,4.7
10/1/20,Kentucky,3510534,1983293,56.5,1873315,53.4,109978,5.5
10/1/20,Louisiana,3579445,2094453,58.5,1929972,53.9,164481,7.9
10/1/20,Maine,1119531,666379,59.5,634487,56.7,31892,4.8
10/1/20,Maryland,4773863,3113628,65.2,2903239,60.8,210389,6.8
10/1/20,Massachusetts,5648070,3688327,65.3,3373320,59.7,315007,8.5
10/1/20,Michigan,7995545,4854613,60.7,4461770,55.8,392843,8.1
10/1/20,Minnesota,4454624,3070211,68.9,2906452,65.2,163759,5.3
10/1/20,Mississippi,2286309,1268234,55.5,1180316,51.6,87918,6.9
10/1/20,Missouri,4840816,3071517,63.5,2919089,60.3,152428,5
10/1/20,Montana,864626,536872,62.1,511419,59.1,25453,4.7
10/1/20,Nebraska,1488824,1026818,69,990239,66.5,36579,3.6
10/1/20,Nevada,2494084,1545744,62,1360394,54.5,185350,12
10/1/20,New Hampshire,1132223,761379,67.2,725252,64.1,36127,4.7
10/1/20,New Jersey,7075699,4378750,61.9,4043309,57.1,335441,7.7
10/1/20,New Mexico,1656467,960709,58,878694,53,82015,8.5
10/1/20,New York,22204821,13096053,59.0,11830731,53.3,1265322,9.7
10/1/20,North Carolina,8389288,5028348,59.9,4687352,55.9,340996,6.8
10/1/20,North Dakota,585654,404945,69.1,386012,65.9,18933,4.7
10/1/20,Ohio,9260740,5698877,61.5,5380157,58.1,318720,5.6
10/1/20,Oklahoma,3059281,1861590,60.9,1765143,57.7,96447,5.2
10/1/20,Oregon,3449790,2122565,61.5,1974681,57.2,147884,7
10/1/20,Pennsylvania,10277210,6314482,61.4,5870140,57.1,444342,7
10/1/20,Rhode Island,864169,535860,62,496914,57.5,38946,7.3
10/1/20,South Carolina,4148416,2437115,58.7,2306258,55.6,130857,5.4
10/1/20,South Dakota,681531,474305,69.6,456730,67,17575,3.7
10/1/20,Tennessee,5454779,3396932,62.3,3131888,57.4,265044,7.8
10/1/20,Texas,22389388,14220838,63.5,13177348,58.9,1043490,7.3
10/1/20,Utah,2414062,1637215,67.8,1574896,65.2,62319,3.8
10/1/20,Vermont,518954,318369,61.3,305655,58.9,12714,4
10/1/20,Virginia,6733361,4290462,63.7,4027562,59.8,262900,6.1
10/1/20,Washington,6119759,3981810,65.1,3704008,60.5,277802,7
10/1/20,West Virginia,1441770,793305,55,734518,50.9,58787,7.4
10/1/20,Wisconsin,4660353,3054307,65.5,2908317,62.4,145990,4.8
10/1/20,Wyoming,455331,295623,64.9,279620,61.4,16003,5.4
11/1/20,Alabama,3887946,2263901,58.2,2158343,55.5,105558,4.7
11/1/20,Alaska,545133,354071,65,331069,60.7,23002,6.5
11/1/20,Arizona,5910601,3563927,60.3,3322173,56.2,241754,6.8
11/1/20,Arkansas,2363579,1328600,56.2,1258385,53.2,70215,5.3
11/1/20,California,39091917,23502432,60.1,21268358,54.4,2234074,9.5
11/1/20,Colorado,4633108,3166511,68.3,2947931,63.6,218580,6.9
11/1/20,Connecticut,2881741,1843528,64,1691777,58.7,151751,8.2
11/1/20,Delaware,794630,481873,60.6,453979,57.1,27894,5.8
11/1/20,District of Columbia,584302,409612,70.1,373627,63.9,35985,8.8
11/1/20,Florida,17725160,10025050,56.6,9485302,53.5,539748,5.4
11/1/20,Georgia,8330547,5116371,61.4,4831240,58,285131,5.6
11/1/20,Hawaii,1084113,655912,60.5,588368,54.3,67544,10.3
11/1/20,Idaho,1420432,901615,63.5,862991,60.8,38624,4.3
11/1/20,Illinois,9943419,6161356,62,5662138,56.9,499218,8.1
11/1/20,Indiana,5282747,3340983,63.2,3173510,60.1,167473,5
11/1/20,Iowa,2481531,1625043,65.5,1560883,62.9,64160,3.9
11/1/20,Kansas,2236775,1513503,67.7,1442525,64.5,70978,4.7
11/1/20,Kentucky,3511462,1983374,56.5,1872685,53.3,110689,5.6
11/1/20,Louisiana,3579170,2094642,58.5,1929950,53.9,164692,7.9
11/1/20,Maine,1120025,666706,59.5,633957,56.6,32749,4.9
11/1/20,Maryland,4774038,3113418,65.2,2901959,60.8,211459,6.8
11/1/20,Massachusetts,5647713,3721554,65.9,3408246,60.3,313308,8.4
11/1/20,Michigan,7995779,4855661,60.7,4458979,55.8,396682,8.2
11/1/20,Minnesota,4456287,3057403,68.6,2905452,65.2,151951,5
11/1/20,Mississippi,2286424,1272826,55.7,1187251,51.9,85575,6.7
11/1/20,Missouri,4842526,3061073,63.2,2918134,60.3,142939,4.7
11/1/20,Montana,865491,534549,61.8,510758,59,23791,4.5
11/1/20,Nebraska,1489408,1024861,68.8,989563,66.4,35298,3.4
11/1/20,Nevada,2498025,1509102,60.4,1378050,55.2,131052,8.7
11/1/20,New Hampshire,1132806,762163,67.3,730088,64.4,32075,4.2
11/1/20,New Jersey,7075314,4500435,63.6,4041997,57.1,458438,10.2
11/1/20,New Mexico,1657514,960308,57.9,878206,53,82102,8.5
11/1/20,New York,22189884,13130198,59.2,11862813,53.5,1267385,9.7
11/1/20,North Carolina,8397996,5035748,60,4712638,56.1,323110,6.4
11/1/20,North Dakota,585792,404531,69.1,385572,65.8,18959,4.7
11/1/20,Ohio,9261688,5732818,61.9,5413227,58.4,319591,5.6
11/1/20,Oklahoma,3061177,1861831,60.8,1772259,57.9,89572,4.8
11/1/20,Oregon,3452417,2132974,61.8,1992470,57.7,140504,6.6
11/1/20,Pennsylvania,10277120,6310994,61.4,5865408,57.1,445586,7.1
11/1/20,Rhode Island,864222,538810,62.3,496202,57.4,42608,7.9
11/1/20,South Carolina,4153709,2348943,56.6,2217588,53.4,131355,5.6
11/1/20,South Dakota,681954,455436,66.8,439012,64.4,16424,3.6
11/1/20,Tennessee,5459887,3314879,60.7,3130511,57.3,184368,5.6
11/1/20,Texas,22418959,13992055,62.4,12989789,57.9,1002266,7.2
11/1/20,Utah,2418202,1631847,67.5,1574574,65.1,57273,3.5
11/1/20,Vermont,518950,316982,61.1,305386,58.8,11596,3.7
11/1/20,Virginia,6735886,4271293,63.4,4023075,59.7,248218,5.8
11/1/20,Washington,6125522,3842951,62.7,3586497,58.6,256454,6.7
11/1/20,West Virginia,1441277,795116,55.2,739079,51.3,56037,7
11/1/20,Wisconsin,4661965,3054158,65.5,2921245,62.7,132913,4.4
11/1/20,Wyoming,455610,295063,64.8,279509,61.3,15554,5.3
12/1/20,Alabama,3889304,2264054,58.2,2157736,55.5,106318,4.7
12/1/20,Alaska,545002,354035,65,330888,60.7,23147,6.5
12/1/20,Arizona,5921658,3569317,60.3,3326907,56.2,242410,6.8
12/1/20,Arkansas,2364696,1379313,58.3,1312142,55.5,67171,4.9
12/1/20,California,39090870,23584341,60.3,21221033,54.3,2363308,10.0
12/1/20,Colorado,4638089,3176560,68.5,2957291,63.8,219269,6.9
12/1/20,Connecticut,2881139,1842967,64,1690960,58.7,152007,8.2
12/1/20,Delaware,795439,481840,60.6,453637,57,28203,5.9
12/1/20,District of Columbia,584381,409328,70,373290,63.9,36038,8.8
12/1/20,Florida,17741498,10043992,56.6,9528878,53.7,515114,5.1
12/1/20,Georgia,8337625,5100297,61.2,4829189,57.9,271108,5.3
12/1/20,Hawaii,1083643,655587,60.5,588168,54.3,67419,10.3
12/1/20,Idaho,1423536,900245,63.2,865649,60.8,34596,3.8
12/1/20,Illinois,9939435,6150544,61.9,5659671,56.9,490873,8
12/1/20,Indiana,5284652,3343929,63.3,3190041,60.4,153888,4.6
12/1/20,Iowa,2481817,1619441,65.3,1559562,62.8,59879,3.7
12/1/20,Kansas,2237175,1518416,67.9,1446860,64.7,71556,4.7
12/1/20,Kentucky,3512248,1982759,56.5,1871847,53.3,110912,5.6
12/1/20,Louisiana,3578682,2095025,58.5,1929532,53.9,165493,7.9
12/1/20,Maine,1120437,666913,59.5,633553,56.5,33360,5
12/1/20,Maryland,4773973,3112292,65.2,2900385,60.8,211907,6.8
12/1/20,Massachusetts,5647094,3753070,66.5,3438583,60.9,314487,8.4
12/1/20,Michigan,7995651,4855353,60.7,4454983,55.7,400370,8.2
12/1/20,Minnesota,4457728,3048729,68.4,2904806,65.2,143923,4.7
12/1/20,Mississippi,2286392,1276640,55.8,1192792,52.2,83848,6.6
12/1/20,Missouri,4844027,3051663,63,2916551,60.2,135112,4.4
12/1/20,Montana,866314,532934,61.5,510472,58.9,22462,4.2
12/1/20,Nebraska,1489954,1023600,68.7,989072,66.4,34528,3.4
12/1/20,Nevada,2501811,1516397,60.6,1391773,55.6,124624,8.2
12/1/20,New Hampshire,1133299,763394,67.4,734174,64.8,29220,3.8
12/1/20,New Jersey,7074559,4377299,61.9,4039568,57.1,337731,7.7
12/1/20,New Mexico,1658429,960113,57.9,877690,52.9,82423,8.6
12/1/20,New York,22174426,13158625,59.3,11887891,53.6,1270734,9.7
12/1/20,North Carolina,8406266,5040047,60,4731164,56.3,308883,6.1
12/1/20,North Dakota,585886,404240,69,385254,65.8,18986,4.7
12/1/20,Ohio,9262241,5763310,62.2,5442603,58.8,320707,5.6
12/1/20,Oklahoma,3062909,1861928,60.8,1777990,58,83938,4.5
12/1/20,Oregon,3454895,2141252,62,2006503,58.1,134749,6.3
12/1/20,Pennsylvania,10276507,6310050,61.4,5862162,57,447888,7.1
12/1/20,Rhode Island,864213,538617,62.3,495859,57.4,42758,7.9
12/1/20,South Carolina,4158811,2355062,56.6,2223480,53.5,131582,5.6
12/1/20,South Dakota,682349,471631,69.1,456129,66.8,15502,3.3
12/1/20,Tennessee,5464698,3313650,60.6,3127609,57.2,186041,5.6
12/1/20,Texas,22447253,14133518,63,13162510,58.6,971008,6.9
12/1/20,Utah,2422249,1626916,67.2,1573578,65,53338,3.3
12/1/20,Vermont,518976,316150,60.9,305226,58.8,10924,3.5
12/1/20,Virginia,6738044,4255079,63.2,4018875,59.6,236204,5.6
12/1/20,Washington,6131010,3830416,62.5,3590957,58.6,239459,6.3
12/1/20,West Virginia,1440682,796614,55.3,742916,51.6,53698,6.7
12/1/20,Wisconsin,4663376,3053836,65.5,2932229,62.9,121607,4
12/1/20,Wyoming,455877,294630,64.6,279346,61.3,15284,5.2
1/1/21,Alabama,3890500,2257961,58,2160236,55.5,97725,4.3
1/1/21,Alaska,544894,354958,65.1,331373,60.8,23585,6.6
1/1/21,Arizona,5932506,3571263,60.2,3331367,56.2,239896,6.7
1/1/21,Arkansas,2365706,1375929,58.2,1312405,55.5,63524,4.6
1/1/21,California,39089067,23545531,60.2,21252614,54.4,2292917,9.7
1/1/21,Colorado,4642794,3183395,68.6,2972204,64,211191,6.6
1/1/21,Connecticut,2880415,1839727,63.9,1690546,58.7,149181,8.1
1/1/21,Delaware,796235,487378,61.2,457875,57.5,29503,6.1
1/1/21,District of Columbia,584492,409154,70,374800,64.1,34354,8.4
1/1/21,Florida,17757100,10068685,56.7,9587059,54,481626,4.8
1/1/21,Georgia,8344325,5112237,61.3,4853777,58.2,258460,5.1
1/1/21,Hawaii,1083148,655766,60.5,588116,54.3,67650,10.3
1/1/21,Idaho,1426574,900287,63.1,869144,60.9,31143,3.5
1/1/21,Illinois,9935021,6146410,61.9,5673481,57.1,472929,7.7
1/1/21,Indiana,5286270,3347810,63.3,3206431,60.7,141379,4.2
1/1/21,Iowa,2482022,1625153,65.5,1567143,63.1,58010,3.6
1/1/21,Kansas,2237486,1502248,67.1,1450464,64.8,51784,3.4
1/1/21,Kentucky,3512884,1989380,56.6,1882979,53.6,106401,5.3
1/1/21,Louisiana,3578075,2084330,58.3,1925840,53.8,158490,7.6
1/1/21,Maine,1120850,671317,59.9,636270,56.8,35047,5.2
1/1/21,Maryland,4773686,3106287,65.1,2907520,60.9,198767,6.4
1/1/21,Massachusetts,5646187,3756720,66.5,3461950,61.3,294770,7.8
1/1/21,Michigan,7995094,4736547,59.2,4465785,55.9,270762,5.7
1/1/21,Minnesota,4458943,3025807,67.9,2889849,64.8,135958,4.5
1/1/21,Mississippi,2286271,1279970,56,1197779,52.4,82191,6.4
1/1/21,Missouri,4845259,3042955,62.8,2912406,60.1,130549,4.3
1/1/21,Montana,867082,532910,61.5,511691,59,21219,4
1/1/21,Nebraska,1490395,1024822,68.8,992112,66.6,32710,3.2
1/1/21,Nevada,2505533,1536046,61.3,1405483,56.1,130563,8.5
1/1/21,New Hampshire,1133752,762932,67.3,735797,64.9,27135,3.6
1/1/21,New Jersey,7073517,4403593,62.3,4059857,57.4,343736,7.8
1/1/21,New Mexico,1659311,958879,57.8,875603,52.8,83276,8.7
1/1/21,New York,22158552,13149747,59.3,11845960,53.5,1303787,9.9
1/1/21,North Carolina,8414124,5039506,59.9,4741787,56.4,297719,5.9
1/1/21,North Dakota,585942,404511,69,386267,65.9,18244,4.5
1/1/21,Ohio,9262261,5768594,62.3,5462512,59,306082,5.3
1/1/21,Oklahoma,3064511,1864691,60.8,1783422,58.2,81269,4.4
1/1/21,Oregon,3457167,2150483,62.2,2017032,58.3,133451,6.2
1/1/21,Pennsylvania,10275393,6294551,61.3,5837381,56.8,457170,7.3
1/1/21,Rhode Island,864204,540236,62.5,501193,58,39043,7.2
1/1/21,South Carolina,4163639,2360747,56.7,2235303,53.7,125444,5.3
1/1/21,South Dakota,682691,470476,68.9,456033,66.8,14443,3.1
1/1/21,Tennessee,5469230,3317190,60.7,3146950,57.5,170240,5.1
1/1/21,Texas,22474687,14063544,62.6,13104983,58.3,958561,6.8
1/1/21,Utah,2426150,1630721,67.2,1580527,65.1,50194,3.1
1/1/21,Vermont,518952,314630,60.6,304521,58.7,10109,3.2
1/1/21,Virginia,6739873,4254052,63.1,4026838,59.7,227214,5.3
1/1/21,Washington,6136163,3835229,62.5,3606638,58.8,228591,6
1/1/21,West Virginia,1440030,796469,55.3,744865,51.7,51604,6.5
1/1/21,Wisconsin,4664495,3056717,65.5,2939823,63,116894,3.8
1/1/21,Wyoming,456106,295132,64.7,280002,61.4,15130,5.1
2/1/21,Alabama,3891139,2248764,57.8,2157723,55.5,91041,4
2/1/21,Alaska,544693,351058,64.5,327753,60.2,23305,6.6
2/1/21,Arizona,5942577,3580631,60.3,3333226,56.1,247405,6.9
2/1/21,Arkansas,2366377,1363690,57.6,1302084,55,61606,4.5
2/1/21,California,39083260,24059544,61.6,21862258,55.9,2197286,9.1
2/1/21,Colorado,4647075,3182752,68.5,2978091,64.1,204661,6.4
2/1/21,Connecticut,2879316,1712565,59.5,1566977,54.4,145588,8.5
2/1/21,Delaware,796901,488751,61.3,457785,57.4,30966,6.3
2/1/21,District of Columbia,584457,408389,69.9,375159,64.2,33230,8.1
2/1/21,Florida,17769891,10124393,57,9650056,54.3,474337,4.7
2/1/21,Georgia,8350072,5145336,61.6,4899254,58.7,246082,4.8
2/1/21,Hawaii,1082480,655838,60.6,595260,55,60578,9.2
2/1/21,Idaho,1429397,899915,63,870059,60.9,29856,3.3
2/1/21,Illinois,9929473,6138656,61.8,5684129,57.2,454527,7.4
2/1/21,Indiana,5287355,3342841,63.2,3208912,60.7,133929,4
2/1/21,Iowa,2481881,1630927,65.7,1570232,63.3,60695,3.7
2/1/21,Kansas,2237550,1508461,67.4,1451324,64.9,57137,3.8
2/1/21,Kentucky,3513075,1993096,56.7,1889712,53.8,103384,5.2
2/1/21,Louisiana,3576989,2075645,58,1918466,53.6,157179,7.6
2/1/21,Maine,1121094,672049,59.9,639651,57.1,32398,4.8
2/1/21,Maryland,4772844,3103085,65,2909565,61,193520,6.2
2/1/21,Massachusetts,5644665,3740812,66.3,3477886,61.6,262926,7
2/1/21,Michigan,7993560,4695097,58.7,4451838,55.7,243259,5.2
2/1/21,Minnesota,4459692,3031173,68,2897623,65,133550,4.4
2/1/21,Mississippi,2285852,1281423,56.1,1200432,52.5,80991,6.3
2/1/21,Missouri,4845885,3054095,63,2921557,60.3,132538,4.3
2/1/21,Montana,867716,531262,61.2,510513,58.8,20749,3.9
2/1/21,Nebraska,1490687,1020915,68.5,988967,66.3,31948,3.1
2/1/21,Nevada,2508958,1547256,61.7,1416662,56.5,130594,8.4
2/1/21,New Hampshire,1134093,761266,67.1,736509,64.9,24757,3.3
2/1/21,New Jersey,7071661,4400717,62.2,4058931,57.4,341786,7.8
2/1/21,New Mexico,1659946,959116,57.8,879428,53,79688,8.3
2/1/21,New York,22140186,13164795,59.5,11839676,53.5,1325119,10.1
2/1/21,North Carolina,8421014,5032870,59.8,4746215,56.4,286655,5.7
2/1/21,North Dakota,585924,404881,69.1,385567,65.8,19314,4.8
2/1/21,Ohio,9261248,5754831,62.1,5467073,59,287758,5
2/1/21,Oklahoma,3065768,1865515,60.8,1784222,58.2,81293,4.4
2/1/21,Oregon,3459073,2152231,62.2,2021314,58.4,130917,6.1
2/1/21,Pennsylvania,10273015,6336114,61.7,5867054,57.1,469060,7.4
2/1/21,Rhode Island,864073,538742,62.3,499579,57.8,39163,7.3
2/1/21,South Carolina,4167943,2377180,57,2253252,54.1,123928,5.2
2/1/21,South Dakota,682979,472209,69.1,458060,67.1,14149,3
2/1/21,Tennessee,5473138,3308398,60.4,3146088,57.5,162310,4.9
2/1/21,Texas,22500029,14005206,62.2,13034891,57.9,970315,6.9
2/1/21,Utah,2429915,1630643,67.1,1581744,65.1,48899,3
2/1/21,Vermont,518856,313180,60.4,303663,58.5,9517,3
2/1/21,Virginia,6740927,4236621,62.8,4016894,59.6,219727,5.2
2/1/21,Washington,6140754,3837024,62.5,3621472,59,215552,5.6
2/1/21,West Virginia,1439233,796069,55.3,746406,51.9,49663,6.2
2/1/21,Wisconsin,4665137,3059420,65.6,2942857,63.1,116563,3.8
2/1/21,Wyoming,456315,295385,64.7,279794,61.3,15591,5.3
3/1/21,Alabama,3892132,2235958,57.4,2151242,55.3,84716,3.8
3/1/21,Alaska,544548,348796,64.1,325441,59.8,23355,6.7
3/1/21,Arizona,5952938,3587157,60.3,3346947,56.2,240210,6.7
3/1/21,Arkansas,2367295,1360097,57.5,1299913,54.9,60184,4.4
3/1/21,California,39078368,24027117,61.5,21867254,56.0,2159863,9.0
3/1/21,Colorado,4651709,3188386,68.5,2983166,64.1,205220,6.4
3/1/21,Connecticut,2878425,1729562,60.1,1586536,55.1,143026,8.3
3/1/21,Delaware,797621,489354,61.4,457731,57.4,31623,6.5
3/1/21,District of Columbia,584522,406901,69.6,375385,64.2,31516,7.7
3/1/21,Florida,17783671,10170003,57.2,9695580,54.5,474423,4.7
3/1/21,Georgia,8356449,5161071,61.8,4929045,59,232026,4.5
3/1/21,Hawaii,1081814,649963,60.1,590882,54.6,59081,9.1
3/1/21,Idaho,1432388,899355,62.8,870565,60.8,28790,3.2
3/1/21,Illinois,9924647,6129324,61.8,5693248,57.4,436076,7.1
3/1/21,Indiana,5288901,3336773,63.1,3206627,60.6,130146,3.9
3/1/21,Iowa,2482030,1637966,66,1577148,63.5,60818,3.7
3/1/21,Kansas,2237761,1510302,67.5,1453986,65,56316,3.7
3/1/21,Kentucky,3513671,1990742,56.7,1891121,53.8,99621,5
3/1/21,Louisiana,3576188,2074302,58,1921772,53.7,152530,7.4
3/1/21,Maine,1121440,673127,60,640536,57.1,32591,4.8
3/1/21,Maryland,4772254,3110072,65.2,2916726,61.1,193346,6.2
3/1/21,Massachusetts,5643634,3744412,66.3,3492255,61.9,252157,6.7
3/1/21,Michigan,7992752,4703325,58.8,4464444,55.9,238881,5.1
3/1/21,Minnesota,4460873,3022453,67.8,2896447,64.9,126006,4.2
3/1/21,Mississippi,2285593,1280842,56,1200854,52.5,79988,6.2
3/1/21,Missouri,4847023,3062200,63.2,2934139,60.5,128061,4.2
3/1/21,Montana,868461,531503,61.2,511538,58.9,19965,3.8
3/1/21,Nebraska,1491090,1019886,68.4,989941,66.4,29945,2.9
3/1/21,Nevada,2512490,1552395,61.8,1426495,56.8,125900,8.1
3/1/21,New Hampshire,1134526,759327,66.9,736461,64.9,22866,3
3/1/21,New Jersey,7070188,4419712,62.5,4083566,57.8,336146,7.6
3/1/21,New Mexico,1660619,956628,57.6,877636,52.8,78992,8.3
3/1/21,New York,22123005,13638939,61.7,12355216,55.8,1283723,9.4
3/1/21,North Carolina,8428566,5016451,59.5,4757477,56.4,258974,5.2
3/1/21,North Dakota,586001,403880,68.9,386234,65.9,17646,4.4
3/1/21,Ohio,9261114,5750618,62.1,5479338,59.2,271280,4.7
3/1/21,Oklahoma,3067258,1865563,60.8,1786096,58.2,79467,4.3
3/1/21,Oregon,3461246,2156656,62.3,2026742,58.6,129914,6
3/1/21,Pennsylvania,10271554,6335821,61.7,5874307,57.2,461514,7.3
3/1/21,Rhode Island,864000,541513,62.7,503350,58.3,38163,7
3/1/21,South Carolina,4172613,2388097,57.2,2267442,54.3,120655,5.1
3/1/21,South Dakota,683317,469038,68.6,455567,66.7,13471,2.9
3/1/21,Tennessee,5477548,3316335,60.5,3147880,57.5,168455,5.1
3/1/21,Texas,22526074,14032262,62.3,13064883,58,967379,6.9
3/1/21,Utah,2433891,1632021,67.1,1585508,65.1,46513,2.9
3/1/21,Vermont,518818,313062,60.3,303902,58.6,9160,2.9
3/1/21,Virginia,6742545,4238036,62.9,4023601,59.7,214435,5.1
3/1/21,Washington,6145770,3850738,62.7,3639937,59.2,210801,5.5
3/1/21,West Virginia,1438564,795672,55.3,748390,52,47282,5.9
3/1/21,Wisconsin,4666237,3066278,65.7,2948948,63.2,117330,3.8
3/1/21,Wyoming,456556,295613,64.7,279888,61.3,15725,5.3
4/1/21,Alabama,3893328,2231960,57.3,2152641,55.3,79319,3.6
4/1/21,Alaska,544437,350821,64.4,327465,60.1,23356,6.7
4/1/21,Arizona,5963670,3598776,60.3,3358790,56.3,239986,6.7
4/1/21,Arkansas,2368326,1362498,57.5,1302658,55,59840,4.4
4/1/21,California,39076135,23999035,61.4,21913428,56.1,2085607,8.7
4/1/21,Colorado,4656603,3196815,68.7,2992833,64.3,203982,6.4
4/1/21,Connecticut,2877704,1741642,60.5,1601219,55.6,140423,8.1
4/1/21,Delaware,798394,489410,61.3,458308,57.4,31102,6.4
4/1/21,District of Columbia,584627,406223,69.5,375667,64.3,30556,7.5
4/1/21,Florida,17798556,10241583,57.5,9753831,54.8,487752,4.8
4/1/21,Georgia,8363279,5172979,61.9,4951076,59.2,221903,4.3
4/1/21,Hawaii,1081237,649595,60.1,594415,55,55180,8.5
4/1/21,Idaho,1435471,900381,62.7,872165,60.8,28216,3.1
4/1/21,Illinois,9920345,6146496,62,5708054,57.5,438442,7.1
4/1/21,Indiana,5290723,3337128,63.1,3205827,60.6,131301,3.9
4/1/21,Iowa,2482253,1641196,66.1,1579035,63.6,62161,3.8
4/1/21,Kansas,2238102,1508524,67.4,1455771,65,52753,3.5
4/1/21,Kentucky,3514382,1990096,56.6,1896069,54,94027,4.7
4/1/21,Louisiana,3575588,2068859,57.9,1919523,53.7,149336,7.2
4/1/21,Maine,1121831,673890,60.1,641380,57.2,32510,4.8
4/1/21,Maryland,4771979,3118160,65.3,2923616,61.3,194544,6.2
4/1/21,Massachusetts,5642830,3745672,66.4,3504836,62.1,240836,6.4
4/1/21,Michigan,7992326,4701286,58.8,4469739,55.9,231547,4.9
4/1/21,Minnesota,4462215,3022872,67.7,2899714,65,123158,4.1
4/1/21,Mississippi,2285471,1281003,56,1201477,52.6,79526,6.2
4/1/21,Missouri,4848368,3071157,63.3,2944211,60.7,126946,4.1
4/1/21,Montana,869237,533040,61.3,513368,59.1,19672,3.7
4/1/21,Nebraska,1491592,1018586,68.3,990349,66.4,28237,2.8
4/1/21,Nevada,2516212,1559925,62,1434839,57,125086,8
4/1/21,New Hampshire,1135005,757260,66.7,735885,64.8,21375,2.8
4/1/21,New Jersey,7069143,4421267,62.5,4089165,57.8,332102,7.5
4/1/21,New Mexico,1661444,954446,57.4,877043,52.8,77403,8.1
4/1/21,New York,22107046,13618300,61.6,12375852,56.0,1242448,9.1
4/1/21,North Carolina,8436538,5013115,59.4,4761901,56.4,251214,5
4/1/21,North Dakota,586108,403550,68.9,386701,66,16849,4.2
4/1/21,Ohio,9261370,5766961,62.3,5494069,59.3,272892,4.7
4/1/21,Oklahoma,3068933,1864383,60.8,1787282,58.2,77101,4.1
4/1/21,Oregon,3463632,2160917,62.4,2032705,58.7,128212,5.9
4/1/21,Pennsylvania,10270559,6321342,61.5,5871458,57.2,449884,7.1
4/1/21,Rhode Island,863990,539634,62.5,505785,58.5,33849,6.3
4/1/21,South Carolina,4177471,2381361,57,2262966,54.2,118395,5
4/1/21,South Dakota,683660,469423,68.7,456336,66.7,13087,2.8
4/1/21,Tennessee,5482241,3325342,60.7,3158320,57.6,167022,5
4/1/21,Texas,22553742,14034972,62.2,13087754,58,947218,6.7
4/1/21,Utah,2437966,1636468,67.1,1591259,65.3,45209,2.8
4/1/21,Vermont,518814,312790,60.3,303839,58.6,8951,2.9
4/1/21,Virginia,6744497,4225810,62.7,4028482,59.7,197328,4.7
4/1/21,Washington,6151101,3861172,62.8,3651768,59.4,209404,5.4
4/1/21,West Virginia,1437940,795963,55.4,750072,52.2,45891,5.8
4/1/21,Wisconsin,4667473,3075683,65.9,2955982,63.3,119701,3.9
4/1/21,Wyoming,456813,296150,64.8,280183,61.3,15967,5.4
5/1/21,Alabama,3894723,2225722,57.1,2150324,55.2,75398,3.4
5/1/21,Alaska,544323,350672,64.4,327456,60.2,23216,6.6
5/1/21,Arizona,5974583,3612573,60.5,3369337,56.4,243236,6.7
5/1/21,Arkansas,2369489,1358172,57.3,1298809,54.8,59363,4.4
5/1/21,California,39073610,23968759,61.3,21976354,56.2,1992405,8.3
5/1/21,Colorado,4661636,3199261,68.6,3000065,64.4,199196,6.2
5/1/21,Connecticut,2877083,1759138,61.1,1616356,56.2,142782,8.1
5/1/21,Delaware,799205,487038,60.9,458390,57.4,28648,5.9
5/1/21,District of Columbia,584710,405366,69.3,376136,64.3,29230,7.2
5/1/21,Florida,17814075,10315309,57.9,9811921,55.1,503388,4.9
5/1/21,Georgia,8370244,5161920,61.7,4948882,59.1,213038,4.1
5/1/21,Hawaii,1080667,647478,59.9,595401,55.1,52077,8
5/1/21,Idaho,1438611,901477,62.7,874153,60.8,27324,3
5/1/21,Illinois,9916364,6158659,62.1,5721308,57.7,437351,7.1
5/1/21,Indiana,5292745,3344131,63.2,3208953,60.6,135178,4
5/1/21,Iowa,2482658,1648026,66.4,1584024,63.8,64002,3.9
5/1/21,Kansas,2238596,1509721,67.4,1456990,65.1,52731,3.5
5/1/21,Kentucky,3515293,1988110,56.6,1898982,54,89128,4.5
5/1/21,Louisiana,3575089,2070056,57.9,1923359,53.8,146697,7.1
5/1/21,Maine,1122321,675184,60.2,642762,57.3,32422,4.8
5/1/21,Maryland,4771765,3123458,65.5,2931962,61.4,191496,6.1
5/1/21,Massachusetts,5642325,3702078,65.6,3518551,62.4,183527,5
5/1/21,Michigan,7992231,4711054,58.9,4476033,56,235021,5
5/1/21,Minnesota,4463834,3029381,67.9,2908259,65.2,121122,4
5/1/21,Mississippi,2285426,1280637,56,1201893,52.6,78744,6.1
5/1/21,Missouri,4849949,3075693,63.4,2946656,60.8,129037,4.2
5/1/21,Montana,870047,534903,61.5,515484,59.2,19419,3.6
5/1/21,Nebraska,1492188,1018987,68.3,992164,66.5,26823,2.6
5/1/21,Nevada,2519920,1564631,62.1,1442016,57.2,122615,7.8
5/1/21,New Hampshire,1135547,756932,66.7,735163,64.7,21769,2.9
5/1/21,New Jersey,7068248,4414084,62.4,4095321,57.9,318763,7.2
5/1/21,New Mexico,1662309,953077,57.3,877309,52.8,75768,7.9
5/1/21,New York,22091079,13492672,61.1,12312787,55.7,1179885,8.7
5/1/21,North Carolina,8444763,4997387,59.2,4757329,56.3,240058,4.8
5/1/21,North Dakota,586202,403382,68.8,387402,66.1,15980,4
5/1/21,Ohio,9262084,5550746,59.9,5272474,56.9,278272,5
5/1/21,Oklahoma,3070722,1864522,60.7,1791479,58.3,73043,3.9
5/1/21,Oregon,3466143,2166857,62.5,2040206,58.9,126651,5.8
5/1/21,Pennsylvania,10270106,6324371,61.6,5881498,57.3,442873,7
5/1/21,Rhode Island,863990,539721,62.5,507091,58.7,32630,6
5/1/21,South Carolina,4182459,2387942,57.1,2277505,54.5,110437,4.6
5/1/21,South Dakota,684083,470139,68.7,457161,66.8,12978,2.8
5/1/21,Tennessee,5487130,3332450,60.7,3167336,57.7,165114,5
5/1/21,Texas,22581633,14056011,62.2,13133342,58.2,922669,6.6
5/1/21,Utah,2442134,1641639,67.2,1597178,65.4,44461,2.7
5/1/21,Vermont,518833,314639,60.6,305127,58.8,9512,3
5/1/21,Virginia,6746643,4230017,62.7,4040770,59.9,189247,4.5
5/1/21,Washington,6156688,3873466,62.9,3670293,59.6,203173,5.2
5/1/21,West Virginia,1437439,794662,55.3,750924,52.2,43738,5.5
5/1/21,Wisconsin,4669020,3085255,66.1,2965181,63.5,120074,3.9
5/1/21,Wyoming,457104,296376,64.8,280290,61.3,16086,5.4
6/1/21,Alabama,3896335,2212718,56.8,2138949,54.9,73769,3.3
6/1/21,Alaska,544289,350460,64.4,327330,60.1,23130,6.6
6/1/21,Arizona,5986015,3622830,60.5,3378044,56.4,244786,6.8
6/1/21,Arkansas,2370777,1358172,57.3,1298261,54.8,59911,4.4
6/1/21,California,39073624,23985336,61.4,22005247,56.3,1980089,8.3
6/1/21,Colorado,4667029,3196410,68.5,2999152,64.3,197258,6.2
6/1/21,Connecticut,2876692,1813406,63,1674377,58.2,139029,7.7
6/1/21,Delaware,800073,488825,61.1,460443,57.6,28382,5.8
6/1/21,District of Columbia,584845,405737,69.4,377272,64.5,28465,7
6/1/21,Florida,17831089,10395981,58.3,9872463,55.4,523518,5
6/1/21,Georgia,8377935,5164168,61.6,4955787,59.2,208381,4
6/1/21,Hawaii,1080189,646147,59.8,596481,55.2,49666,7.7
6/1/21,Idaho,1441853,902256,62.6,875110,60.7,27146,3
6/1/21,Illinois,9913179,6180655,62.3,5737125,57.9,443530,7.2
6/1/21,Indiana,5295210,3347800,63.2,3209313,60.6,138487,4.1
6/1/21,Iowa,2483247,1654560,66.6,1587921,63.9,66639,4
6/1/21,Kansas,2239242,1512091,67.5,1456073,65,56018,3.7
6/1/21,Kentucky,3516470,1980046,56.3,1892143,53.8,87903,4.4
6/1/21,Louisiana,3574916,2068698,57.9,1925365,53.9,143333,6.9
6/1/21,Maine,1122875,674763,60.1,642292,57.2,32471,4.8
6/1/21,Maryland,4771967,3128395,65.6,2934721,61.5,193674,6.2
6/1/21,Massachusetts,5642222,3696738,65.5,3516227,62.3,180511,4.9
6/1/21,Michigan,7992764,4719156,59,4484435,56.1,234721,5
6/1/21,Minnesota,4465790,3030809,67.9,2909233,65.1,121576,4
6/1/21,Mississippi,2285540,1279665,56,1200202,52.5,79463,6.2
6/1/21,Missouri,4851927,3075721,63.4,2942397,60.6,133324,4.3
6/1/21,Montana,870983,537513,61.7,517846,59.5,19667,3.7
6/1/21,Nebraska,1492893,1021094,68.4,995209,66.7,25885,2.5
6/1/21,Nevada,2523865,1569161,62.2,1447039,57.3,122122,7.8
6/1/21,New Hampshire,1136173,752701,66.2,731109,64.3,21592,2.9
6/1/21,New Jersey,7067927,4417536,62.5,4097493,58,320043,7.2
6/1/21,New Mexico,1663309,951662,57.2,876867,52.7,74795,7.9
6/1/21,New York,22076364,13476328,61.0,12319609,55.8,1156719,8.6
6/1/21,North Carolina,8453645,5000933,59.2,4769039,56.4,231894,4.6
6/1/21,North Dakota,586351,403109,68.7,386902,66,16207,4
6/1/21,Ohio,9263493,5578950,60.2,5287774,57.1,291176,5.2
6/1/21,Oklahoma,3072751,1863951,60.7,1794302,58.4,69649,3.7
6/1/21,Oregon,3468962,2168510,62.5,2047149,59,121361,5.6
6/1/21,Pennsylvania,10270436,6319978,61.5,5886605,57.3,433373,6.9
6/1/21,Rhode Island,864096,536881,62.1,504996,58.4,31885,5.9
6/1/21,South Carolina,4187818,2396359,57.2,2289292,54.7,107067,4.5
6/1/21,South Dakota,684555,470397,68.7,456928,66.7,13469,2.9
6/1/21,Tennessee,5492427,3334155,60.7,3169492,57.7,164663,4.9
6/1/21,Texas,22611404,14068729,62.2,13159779,58.2,908950,6.5
6/1/21,Utah,2446519,1649932,67.4,1605711,65.6,44221,2.7
6/1/21,Vermont,518889,314662,60.6,305013,58.8,9649,3.1
6/1/21,Virginia,6749314,4233868,62.7,4050060,60,183808,4.3
6/1/21,Washington,6162701,3887109,63.1,3685476,59.8,201633,5.2
6/1/21,West Virginia,1437047,793498,55.2,751472,52.3,42026,5.3
6/1/21,Wisconsin,4670907,3094690,66.3,2973220,63.7,121470,3.9
6/1/21,Wyoming,457382,296342,64.8,280217,61.3,16125,5.4
7/1/21,Alabama,3898028,2210686,56.7,2139008,54.9,71678,3.2
7/1/21,Alaska,544232,348944,64.1,325830,59.9,23114,6.6
7/1/21,Arizona,5997462,3631819,60.6,3393576,56.6,238243,6.6
7/1/21,Arkansas,2372140,1355738,57.2,1296767,54.7,58971,4.3
7/1/21,California,39073743,24035198,61.5,22071723,56.5,1963475,8.2
7/1/21,Colorado,4672508,3195484,68.4,2999508,64.2,195976,6.1
7/1/21,Connecticut,2876348,1809246,62.9,1677113,58.3,132133,7.3
7/1/21,Delaware,800926,489094,61.1,461914,57.7,27180,5.6
7/1/21,District of Columbia,584980,407200,69.6,379802,64.9,27398,6.7
7/1/21,Florida,17848235,10478498,58.7,9948553,55.7,529945,5.1
7/1/21,Georgia,8385683,5170467,61.7,4977010,59.4,193457,3.7
7/1/21,Hawaii,1079703,645946,59.8,598769,55.5,47177,7.3
7/1/21,Idaho,1445130,902899,62.5,876203,60.6,26696,3
7/1/21,Illinois,9910071,6206554,62.6,5768714,58.2,437840,7.1
7/1/21,Indiana,5297716,3346157,63.2,3208084,60.6,138073,4.1
7/1/21,Iowa,2483870,1661401,66.9,1593785,64.2,67616,4.1
7/1/21,Kansas,2239926,1514491,67.6,1456754,65,57737,3.8
7/1/21,Kentucky,3517711,1980784,56.3,1894190,53.8,86594,4.4
7/1/21,Louisiana,3574759,2069445,57.9,1933225,54.1,136220,6.6
7/1/21,Maine,1123446,678229,60.4,645057,57.4,33172,4.9
7/1/21,Maryland,4772209,3135820,65.7,2948226,61.8,187594,6
7/1/21,Massachusetts,5642181,3701567,65.6,3521149,62.4,180418,4.9
7/1/21,Michigan,7993437,4715139,59,4487742,56.1,227397,4.8
7/1/21,Minnesota,4467802,3029978,67.8,2912290,65.2,117688,3.9
7/1/21,Mississippi,2285714,1278797,55.9,1200496,52.5,78301,6.1
7/1/21,Missouri,4853966,3075368,63.4,2946762,60.7,128606,4.2
7/1/21,Montana,871877,539397,61.9,519903,59.6,19494,3.6
7/1/21,Nebraska,1493601,1021405,68.4,997545,66.8,23860,2.3
7/1/21,Nevada,2527828,1577589,62.4,1455997,57.6,121592,7.7
7/1/21,New Hampshire,1136828,751567,66.1,729486,64.2,22081,2.9
7/1/21,New Jersey,7067682,4425912,62.6,4104851,58.1,321061,7.3
7/1/21,New Mexico,1664303,954277,57.3,881803,53,72474,7.6
7/1/21,New York,22061825,13359182,60.6,12232628,55.4,1126554,8.4
7/1/21,North Carolina,8462669,4999813,59.1,4777358,56.5,222455,4.4
7/1/21,North Dakota,586532,403367,68.8,387546,66.1,15821,3.9
7/1/21,Ohio,9265055,5604558,60.5,5304163,57.2,300395,5.4
7/1/21,Oklahoma,3074841,1863423,60.6,1798669,58.5,64754,3.5
7/1/21,Oregon,3471805,2170615,62.5,2056679,59.2,113936,5.2
7/1/21,Pennsylvania,10270907,6301955,61.4,5890211,57.3,411744,6.5
7/1/21,Rhode Island,864179,536074,62,505259,58.5,30815,5.7
7/1/21,South Carolina,4193182,2402803,57.3,2299349,54.8,103454,4.3
7/1/21,South Dakota,685026,470703,68.7,457162,66.7,13541,2.9
7/1/21,Tennessee,5497845,3333802,60.6,3175465,57.8,158337,4.7
7/1/21,Texas,22641284,14105493,62.3,13228816,58.4,876677,6.2
7/1/21,Utah,2450926,1662442,67.8,1619007,66.1,43435,2.6
7/1/21,Vermont,518951,316149,60.9,306524,59.1,9625,3
7/1/21,Virginia,6752073,4241771,62.8,4065578,60.2,176193,4.2
7/1/21,Washington,6168817,3906287,63.3,3707080,60.1,199207,5.1
7/1/21,West Virginia,1436659,793063,55.2,753130,52.4,39933,5
7/1/21,Wisconsin,4672898,3104354,66.4,2982792,63.8,121562,3.9
7/1/21,Wyoming,457723,295672,64.6,280242,61.2,15430,5.2
8/1/21,Alabama,3899874,2207602,56.6,2138588,54.8,69014,3.1
8/1/21,Alaska,544142,349367,64.2,326860,60.1,22507,6.4
8/1/21,Arizona,6009634,3637679,60.5,3412518,56.8,225161,6.2
8/1/21,Arkansas,2373561,1357416,57.2,1300190,54.8,57226,4.2
8/1/21,California,39075539,24081656,61.6,22133157,56.6,1948499,8.1
8/1/21,Colorado,4677986,3193194,68.3,3004247,64.2,188947,5.9
8/1/21,Connecticut,2876033,1810194,62.9,1680308,58.4,129886,7.2
8/1/21,Delaware,801874,488914,61,462543,57.7,26371,5.4
8/1/21,District of Columbia,585145,409695,70,382110,65.3,27585,6.7
8/1/21,Florida,17867608,10543063,59,10013490,56,529573,5
8/1/21,Georgia,8393776,5174216,61.6,4992625,59.5,181591,3.5
8/1/21,Hawaii,1079257,647340,60,601782,55.8,45558,7
8/1/21,Idaho,1448462,904921,62.5,878366,60.6,26555,2.9
8/1/21,Illinois,9907145,6217605,62.8,5781656,58.4,435949,7
8/1/21,Indiana,5300284,3342971,63.1,3205534,60.5,137437,4.1
8/1/21,Iowa,2484587,1660533,66.8,1592528,64.1,68005,4.1
8/1/21,Kansas,2240663,1515213,67.6,1457261,65,57952,3.8
8/1/21,Kentucky,3518922,1985736,56.4,1900726,54,85010,4.3
8/1/21,Louisiana,3574693,2065886,57.8,1937566,54.2,128320,6.2
8/1/21,Maine,1124006,677717,60.3,644491,57.3,33226,4.9
8/1/21,Maryland,4772633,3142393,65.8,2954396,61.9,187997,6
8/1/21,Massachusetts,5642135,3709495,65.7,3524102,62.5,185393,5
8/1/21,Michigan,7994128,4726020,59.1,4502135,56.3,223885,4.7
8/1/21,Minnesota,4469787,3030629,67.8,2915708,65.2,114921,3.8
8/1/21,Mississippi,2286002,1277882,55.9,1200747,52.5,77135,6
8/1/21,Missouri,4856108,3072693,63.3,2949591,60.7,123102,4
8/1/21,Montana,872802,540678,61.9,521540,59.8,19138,3.5
8/1/21,Nebraska,1494315,1021905,68.4,999546,66.9,22359,2.2
8/1/21,Nevada,2532034,1571422,62.1,1450939,57.3,120483,7.7
8/1/21,New Hampshire,1137455,750901,66,728716,64.1,22185,3
8/1/21,New Jersey,7067634,4430209,62.7,4110436,58.2,319773,7.2
8/1/21,New Mexico,1665450,953740,57.3,884958,53.1,68782,7.2
8/1/21,New York,22047781,13335933,60.5,12237906,55.5,1098027,8.2
8/1/21,North Carolina,8472154,5011471,59.2,4794897,56.6,216574,4.3
8/1/21,North Dakota,586702,401898,68.5,387329,66,14569,3.6
8/1/21,Ohio,9266780,5638328,60.8,5333351,57.6,304977,5.4
8/1/21,Oklahoma,3076994,1862553,60.5,1801999,58.6,60554,3.3
8/1/21,Oregon,3474754,2170411,62.5,2062899,59.4,107512,5
8/1/21,Pennsylvania,10271604,6293200,61.3,5888485,57.3,404715,6.4
8/1/21,Rhode Island,864275,534673,61.9,503786,58.3,30887,5.8
8/1/21,South Carolina,4198972,2404401,57.3,2302920,54.8,101481,4.2
8/1/21,South Dakota,685502,471280,68.7,457633,66.8,13647,2.9
8/1/21,Tennessee,5503407,3333192,60.6,3178886,57.8,154306,4.6
8/1/21,Texas,22672578,14127472,62.3,13291774,58.6,835698,5.9
8/1/21,Utah,2455273,1667686,67.9,1625161,66.2,42525,2.5
8/1/21,Vermont,519037,317426,61.2,307773,59.3,9653,3
8/1/21,Virginia,6755024,4248055,62.9,4079663,60.4,168392,4
8/1/21,Washington,6175064,3922962,63.5,3724144,60.3,198818,5.1
8/1/21,West Virginia,1436288,792740,55.2,754619,52.5,38121,4.8
8/1/21,Wisconsin,4674878,3109998,66.5,2987366,63.9,122632,3.9
8/1/21,Wyoming,458056,294747,64.3,280237,61.2,14510,4.9
9/1/21,Alabama,3901964,2207637,56.6,2139093,54.8,68544,3.1
9/1/21,Alaska,544093,349238,64.2,327231,60.1,22007,6.3
9/1/21,Arizona,6022140,3644010,60.5,3434885,57,209125,5.7
9/1/21,Arkansas,2375107,1358010,57.2,1303751,54.9,54259,4
9/1/21,California,39078979,24099279,61.7,22179718,56.8,1919561,8.0
9/1/21,Colorado,4683656,3192317,68.2,3013519,64.3,178798,5.6
9/1/21,Connecticut,2875865,1812136,63,1688761,58.7,123375,6.8
9/1/21,Delaware,802845,488797,60.9,462724,57.6,26073,5.3
9/1/21,District of Columbia,585345,410752,70.2,384041,65.6,26711,6.5
9/1/21,Florida,17887845,10593005,59.2,10075984,56.3,517021,4.9
9/1/21,Georgia,8402313,5168175,61.5,5000347,59.5,167828,3.2
9/1/21,Hawaii,1078919,646827,60,603845,56,42982,6.6
9/1/21,Idaho,1451879,906191,62.4,880283,60.6,25908,2.9
9/1/21,Illinois,9904709,6223034,62.8,5801323,58.6,421711,6.8
9/1/21,Indiana,5303076,3341532,63,3206690,60.5,134842,4
9/1/21,Iowa,2485391,1660470,66.8,1594365,64.1,66105,4
9/1/21,Kansas,2241517,1514766,67.6,1455727,64.9,59039,3.9
9/1/21,Kentucky,3520233,1987352,56.5,1902645,54,84707,4.3
9/1/21,Louisiana,3574859,2062162,57.7,1942013,54.3,120149,5.8
9/1/21,Maine,1124621,679310,60.4,646364,57.5,32946,4.8
9/1/21,Maryland,4773310,3143066,65.8,2957475,62,185591,5.9
9/1/21,Massachusetts,5642362,3720746,65.9,3527888,62.5,192858,5.2
9/1/21,Michigan,7995169,4738080,59.3,4517790,56.5,220290,4.6
9/1/21,Minnesota,4471935,3034729,67.9,2923759,65.4,110970,3.7
9/1/21,Mississippi,2286412,1275285,55.8,1201303,52.5,73982,5.8
9/1/21,Missouri,4858443,3069979,63.2,2951869,60.8,118110,3.8
9/1/21,Montana,873824,541232,61.9,523116,59.9,18116,3.3
9/1/21,Nebraska,1495110,1022921,68.4,1002234,67,20687,2
9/1/21,Nevada,2536317,1562609,61.6,1445307,57,117302,7.5
9/1/21,New Hampshire,1138138,749678,65.9,727802,63.9,21876,2.9
9/1/21,New Jersey,7067929,4432054,62.7,4116334,58.2,315720,7.1
9/1/21,New Mexico,1666680,951929,57.1,886344,53.2,65585,6.9
9/1/21,New York,22034540,13305524,60.4,12251825,55.6,1053699,7.9
9/1/21,North Carolina,8482043,5021894,59.2,4810394,56.7,211500,4.2
9/1/21,North Dakota,586928,402027,68.5,387998,66.1,14029,3.5
9/1/21,Ohio,9268896,5661313,61.1,5357969,57.8,303344,5.4
9/1/21,Oklahoma,3079326,1860980,60.4,1805858,58.6,55122,3
9/1/21,Oregon,3477896,2169686,62.4,2067612,59.5,102074,4.7
9/1/21,Pennsylvania,10272754,6276837,61.1,5886464,57.3,390373,6.2
9/1/21,Rhode Island,864433,577228,66.8,547116,63.3,30112,5.2
9/1/21,South Carolina,4204953,2405257,57.2,2307087,54.9,98170,4.1
9/1/21,South Dakota,686024,471059,68.7,457599,66.7,13460,2.9
9/1/21,Tennessee,5509190,3322354,60.3,3175467,57.6,146887,4.4
9/1/21,Texas,22705104,14166005,62.4,13369025,58.9,796980,5.6
9/1/21,Utah,2459793,1670056,67.9,1629945,66.3,40111,2.4
9/1/21,Vermont,519118,318222,61.3,309151,59.6,9071,2.9
9/1/21,Virginia,6758326,4244196,62.8,4084410,60.4,159786,3.8
9/1/21,Washington,6181559,3936942,63.7,3742966,60.6,193976,4.9
9/1/21,West Virginia,1435988,791797,55.1,755769,52.6,36028,4.6
9/1/21,Wisconsin,4677059,3114389,66.6,2993017,64,121372,3.9
9/1/21,Wyoming,458391,293654,64.1,280427,61.2,13227,4.5